{
  "openapi": "3.0.0",
  "info": {
    "version": "1.0.0",
    "title": "Antoine Debes Final-project",
    "description": "Nodejs API documentation",
    "license": {
      "name": "MIT",
      "url": "https://opensource.org/licenses/MIT"
    }
  },
  "host": "localhost:8080",
  "basePath": "/v1",
  "tags": [
    {
      "name": "Users",
      "description": "API for users in the system"
    }
  ],
  "schemes": ["http", "https"],
  "consumes": ["application/json"],
  "produces": ["application/json"],
  "securityDefinitions": {
    "ApiKeyAuth": {
      "type": "apiKey",
      "in": "headers",
      "name": "authorization"
    }
  },
  "paths": {
    "/userRegister": {
      "post": {
        "summary": "Register user",
        "tags": ["Users"],
        "description": "Register user in system",
        "requestBody": {
          "content": {
            "application/json": {
              "schema": {
                "$ref": "#/definitions/User"
              }
            }
          }
        },
        "produces": ["application/json"],
        "responses": {
          "200": {
            "description": "Register Success",
            "schema": {
              "$ref": "#/definitions/User"
            }
          },
          "401": {
            "description": "Duplicated Username | email | phone"
          },
          "403": {
            "description": "User cannot be Register"
          }
        }
      }
    }
  },
  "definitions": {
    "User": {
      "properties": {
        "firstName": {
          "type": "string"
        },
        "lastName": {
          "type": "string"
        },
        "userName": {
          "type": "string"
        },
        "email": {
          "type": "string"
        },
        "phone": {
          "type": "string"
        },
        "password": {
          "type": "string"
        },
        "address": {
          "type": "string"
        }
      }
    }
  }
}
